strategy,model,role,value,total
ensemble_vote,mistral-128b,writer,942528.7459228178,1172640.146290624
ensemble_vote,mistral-128b,judge,230111.4003678061,1172640.146290624
ensemble_vote,qwen3.6-35b,writer,686075.2113512484,803755.3926882334
ensemble_vote,qwen3.6-35b,judge,117680.18133698497,803755.3926882334
