strategy,model,role,value,total
write_then_critique,mistral-128b,writer,1880753.7819088902,2095820.1303874787
write_then_critique,mistral-128b,critic,215066.34847858854,2095820.1303874787
write_then_critique,qwen3.6-35b,writer,2414981.7202872653,4568650.041242906
write_then_critique,qwen3.6-35b,critic,2153668.3209556406,4568650.041242906
