strategy,model,role,value,total
write_then_critique,mistral-128b,writer,209274.16666666666,230532.75
write_then_critique,mistral-128b,critic,21258.583333333332,230532.75
write_then_critique,qwen3.6-35b,writer,502942.3333333333,534326.1666666666
write_then_critique,qwen3.6-35b,critic,31383.833333333332,534326.1666666666
