strategy,model,role,value,total
write_then_critique,mistral-128b,writer,1685301.3627538532,1817595.1162340366
write_then_critique,mistral-128b,critic,132293.75348018343,1817595.1162340366
write_then_critique,qwen3.6-35b,writer,2535677.7341750558,4834389.647385543
write_then_critique,qwen3.6-35b,critic,2298711.913210487,4834389.647385543
