strategy,model,role,value,total
plan_then_execute,mistral-128b,writer,827817.7368411649,1440836.90698274
plan_then_execute,mistral-128b,planner,613019.1701415752,1440836.90698274
plan_then_execute,qwen3.6-35b,writer,881610.4529580007,1135235.68846775
plan_then_execute,qwen3.6-35b,planner,253625.23550974947,1135235.68846775
