strategy,model,role,value,total
ensemble_vote,mistral-128b,writer,798661.7804077031,917150.0136004251
ensemble_vote,mistral-128b,judge,118488.23319272196,917150.0136004251
ensemble_vote,qwen3.6-35b,writer,1256167.1680248093,1391953.1820226982
ensemble_vote,qwen3.6-35b,judge,135786.01399788895,1391953.1820226982
