strategy,model,role,value,total
plan_write_critique,mistral-128b,writer,798736.5820806493,2717054.3310663
plan_write_critique,mistral-128b,planner,601924.061024319,2717054.3310663
plan_write_critique,mistral-128b,critic,1316393.687961332,2717054.3310663
plan_write_critique,qwen3.6-35b,writer,1570111.9460071495,2815668.9909842242
plan_write_critique,qwen3.6-35b,planner,347248.81804532197,2815668.9909842242
plan_write_critique,qwen3.6-35b,critic,898308.2269317529,2815668.9909842242
