strategy,model,role,value,total
plan_then_execute,mistral-128b,writer,250221.16320783555,811296.9652746937
plan_then_execute,mistral-128b,planner,561075.8020668582,811296.9652746937
plan_then_execute,qwen3.6-35b,writer,421508.10904173704,635013.1625183276
plan_then_execute,qwen3.6-35b,planner,213505.05347659055,635013.1625183276
