strategy,model,role,value,total
plan_then_execute,mistral-128b,writer,11.857142857142858,13.571428571428571
plan_then_execute,mistral-128b,planner,1.7142857142857142,13.571428571428571
plan_then_execute,qwen3.6-35b,writer,12.166666666666666,14.166666666666666
plan_then_execute,qwen3.6-35b,planner,2.0,14.166666666666666
