strategy,model,role,value,total
plan_then_execute,mistral-128b,writer,50766.0,55064.42857142857
plan_then_execute,mistral-128b,planner,4298.428571428572,55064.42857142857
plan_then_execute,qwen3.6-35b,writer,64658.416666666664,71999.91666666666
plan_then_execute,qwen3.6-35b,planner,7341.5,71999.91666666666
