strategy,model,role,value,total
plan_then_execute,mistral-128b,writer,11.666666666666666,13.166666666666666
plan_then_execute,mistral-128b,planner,1.5,13.166666666666666
plan_then_execute,qwen3.6-35b,writer,11.333333333333334,12.666666666666668
plan_then_execute,qwen3.6-35b,planner,1.3333333333333333,12.666666666666668
