strategy,model,role,value,total
plan_then_execute,mistral-128b,writer,445618.1288804946,638516.8396665104
plan_then_execute,mistral-128b,planner,192898.71078601573,638516.8396665104
plan_then_execute,qwen3.6-35b,writer,338153.3138228745,547433.4587218061
plan_then_execute,qwen3.6-35b,planner,209280.14489893152,547433.4587218061
