strategy,model,role,value,total
write_then_critique,mistral-128b,writer,1203505.3753052216,1368922.300630853
write_then_critique,mistral-128b,critic,165416.9253256314,1368922.300630853
write_then_critique,qwen3.6-35b,writer,1778288.3836881148,2956743.8503479636
write_then_critique,qwen3.6-35b,critic,1178455.4666598488,2956743.8503479636
