strategy,model,role,value,total
write_then_critique,mistral-128b,writer,1770666.3136869248,1984497.967538402
write_then_critique,mistral-128b,critic,213831.6538514773,1984497.967538402
write_then_critique,qwen3.6-35b,writer,1174840.847162924,2592346.6302528447
write_then_critique,qwen3.6-35b,critic,1417505.7830899206,2592346.6302528447
