strategy,model,role,value,total
write_then_critique,mistral-128b,writer,28049.916666666668,32155.583333333336
write_then_critique,mistral-128b,critic,4105.666666666667,32155.583333333336
write_then_critique,qwen3.6-35b,writer,47674.63636363636,64244.727272727265
write_then_critique,qwen3.6-35b,critic,16570.090909090908,64244.727272727265
