strategy,model,role,value,total
write_then_critique,mistral-128b,writer,35.166666666666664,39.08333333333333
write_then_critique,mistral-128b,critic,3.9166666666666665,39.08333333333333
write_then_critique,qwen3.6-35b,writer,46.0,49.81818181818182
write_then_critique,qwen3.6-35b,critic,3.8181818181818183,49.81818181818182
