strategy,model,role,value,total
write_then_critique,mistral-128b,writer,141330.58333333334,164804.83333333334
write_then_critique,mistral-128b,critic,23474.25,164804.83333333334
write_then_critique,qwen3.6-35b,writer,285801.7272727273,313912.36363636365
write_then_critique,qwen3.6-35b,critic,28110.636363636364,313912.36363636365
