strategy,model,role,value,total
plan_then_execute,mistral-128b,writer,645953.3581751457,1409665.2353428216
plan_then_execute,mistral-128b,planner,763711.877167676,1409665.2353428216
plan_then_execute,qwen3.6-35b,writer,590643.2433562804,753020.9795182854
plan_then_execute,qwen3.6-35b,planner,162377.73616200502,753020.9795182854
