strategy,model,role,value,total
plan_then_execute,mistral-128b,writer,6955.333333333333,11286.833333333332
plan_then_execute,mistral-128b,planner,4331.5,11286.833333333332
plan_then_execute,qwen3.6-35b,writer,32323.5,38598.166666666664
plan_then_execute,qwen3.6-35b,planner,6274.666666666667,38598.166666666664
