strategy,model,role,value,total
plan_then_execute,mistral-128b,writer,48790.333333333336,52640.833333333336
plan_then_execute,mistral-128b,planner,3850.5,52640.833333333336
plan_then_execute,qwen3.6-35b,writer,66204.25,69887.08333333333
plan_then_execute,qwen3.6-35b,planner,3682.8333333333335,69887.08333333333
