strategy,model,role,value,total
ensemble_vote,mistral-128b,writer,811313.0908977473,880388.1882484348
ensemble_vote,mistral-128b,judge,69075.09735068743,880388.1882484348
ensemble_vote,qwen3.6-35b,writer,1058943.55313387,1179569.9820337151
ensemble_vote,qwen3.6-35b,judge,120626.42889984515,1179569.9820337151
