strategy,model,role,value,total
ensemble_vote,mistral-128b,writer,197122.33333333334,216480.33333333334
ensemble_vote,mistral-128b,judge,19358.0,216480.33333333334
ensemble_vote,qwen3.6-35b,writer,424277.3333333333,444780.3333333333
ensemble_vote,qwen3.6-35b,judge,20503.0,444780.3333333333
