strategy,model,role,value,total
plan_write_critique,mistral-128b,writer,2765937.027148014,4171348.402616982
plan_write_critique,mistral-128b,planner,223307.20698899677,4171348.402616982
plan_write_critique,mistral-128b,critic,1182104.1684799711,4171348.402616982
