strategy,model,role,value,total
plan_then_execute,mistral-128b,writer,7212.428571428572,11761.714285714286
plan_then_execute,mistral-128b,planner,4549.285714285715,11761.714285714286
plan_then_execute,qwen3.6-35b,writer,24804.666666666668,32820.0
plan_then_execute,qwen3.6-35b,planner,8015.333333333333,32820.0
