strategy,model,value
write_then_critique,mistral-128b,0.7846153846153847
write_then_critique,qwen3.6-35b,0.7846153846153847
structured_per_table,mistral-128b,0.7846153846153847
structured_per_table,qwen3.6-35b,0.7846153846153847
plan_then_execute,mistral-128b,0.7846153846153847
plan_then_execute,qwen3.6-35b,0.9230769230769231
ensemble_vote,mistral-128b,0.7846153846153847
ensemble_vote,qwen3.6-35b,0.7846153846153847
