strategy,model,role,value,total
ensemble_vote,mistral-128b,writer,29378.0,29977.166666666668
ensemble_vote,mistral-128b,judge,599.1666666666666,29977.166666666668
ensemble_vote,qwen3.6-35b,writer,74611.41666666667,83370.75
ensemble_vote,qwen3.6-35b,judge,8759.333333333334,83370.75
