strategy,model,role,value,total
ensemble_vote,mistral-128b,writer,608554.810124002,752162.4287499945
ensemble_vote,mistral-128b,judge,143607.61862599247,752162.4287499945
