strategy,model,role,value,total
plan_write_critique,mistral-128b,writer,1763678.8651394453,6054258.900694912
plan_write_critique,mistral-128b,planner,1364503.4163970267,6054258.900694912
plan_write_critique,mistral-128b,critic,2926076.6191584403,6054258.900694912
plan_write_critique,qwen3.6-35b,writer,835950.5672060361,2051264.0222027898
plan_write_critique,qwen3.6-35b,planner,388552.32055041124,2051264.0222027898
plan_write_critique,qwen3.6-35b,critic,826761.1344463425,2051264.0222027898
