strategy,model,role,value,total
write_then_critique,mistral-128b,writer,1785289.9022979834,1984839.7345709815
write_then_critique,mistral-128b,critic,199549.83227299817,1984839.7345709815
