strategy,model,role,value,total
plan_write_critique,mistral-128b,writer,1138266.1334380321,4013692.2868950353
plan_write_critique,mistral-128b,planner,380756.37259500945,4013692.2868950353
plan_write_critique,mistral-128b,critic,2494669.780861994,4013692.2868950353
