strategy,model,role,value,total
plan_write_critique,mistral-128b,writer,1257916.7265060132,2599999.138350835
plan_write_critique,mistral-128b,planner,639461.4707422624,2599999.138350835
plan_write_critique,mistral-128b,critic,702620.9411025593,2599999.138350835
plan_write_critique,qwen3.6-35b,writer,2085886.0040489866,3495162.1885425095
plan_write_critique,qwen3.6-35b,planner,570367.7829595399,3495162.1885425095
plan_write_critique,qwen3.6-35b,critic,838908.4015339832,3495162.1885425095
