strategy,model,role,value,total
write_then_critique,mistral-128b,writer,47.333333333333336,51.16666666666667
write_then_critique,mistral-128b,critic,3.8333333333333335,51.16666666666667
write_then_critique,qwen3.6-35b,writer,76.33333333333333,81.16666666666666
write_then_critique,qwen3.6-35b,critic,4.833333333333333,81.16666666666666
