strategy,model,role,value,total
plan_then_execute,mistral-128b,writer,2174489.2593330005,2294229.1205830006
plan_then_execute,mistral-128b,planner,119739.8612500001,2294229.1205830006
