strategy,model,role,value,total
ensemble_vote,mistral-128b,writer,816973.0665513054,928321.037599492
ensemble_vote,mistral-128b,judge,111347.9710481867,928321.037599492
ensemble_vote,qwen3.6-35b,writer,794764.6443929019,912754.5536256852
ensemble_vote,qwen3.6-35b,judge,117989.90923278325,912754.5536256852
