strategy,model,role,value,total
ensemble_vote,mistral-128b,writer,27856.0,28649.166666666668
ensemble_vote,mistral-128b,judge,793.1666666666666,28649.166666666668
ensemble_vote,qwen3.6-35b,writer,63919.583333333336,71764.91666666667
ensemble_vote,qwen3.6-35b,judge,7845.333333333333,71764.91666666667
