strategy,model,role,value,total
structured_per_table,qwen3.6-35b,writer,559526.9020954957,909513.2899579946
structured_per_table,qwen3.6-35b,fixer,349986.3878624988,909513.2899579946
