strategy,model,role,value,total
write_then_critique,qwen3.5-397b,writer,2.6666666666666665,4.333333333333333
write_then_critique,qwen3.5-397b,critic,1.6666666666666667,4.333333333333333
write_then_critique,devstral-123b,writer,2.0,3.0
write_then_critique,devstral-123b,critic,1.0,3.0
write_then_critique,qwen3.6-35b,writer,2.3333333333333335,3.666666666666667
write_then_critique,qwen3.6-35b,critic,1.3333333333333333,3.666666666666667
write_then_critique,qwen3.5-9b,writer,3.3333333333333335,4.666666666666667
write_then_critique,qwen3.5-9b,critic,1.3333333333333333,4.666666666666667
