strategy,model,role,value,total
plan_write_critique,mistral-128b,writer,2848893.755121899,4555947.835311245
plan_write_critique,mistral-128b,planner,630135.488553026,4555947.835311245
plan_write_critique,mistral-128b,critic,1076918.5916363203,4555947.835311245
plan_write_critique,qwen3.6-35b,writer,1023351.4035478409,1757612.5804241076
plan_write_critique,qwen3.6-35b,planner,329116.8911022047,1757612.5804241076
plan_write_critique,qwen3.6-35b,critic,405144.28577406215,1757612.5804241076
