strategy,model,role,value,total
ensemble_vote,mistral-128b,writer,29864.166666666668,30873.083333333336
ensemble_vote,mistral-128b,judge,1008.9166666666666,30873.083333333336
ensemble_vote,qwen3.6-35b,writer,71933.4,80176.59999999999
ensemble_vote,qwen3.6-35b,judge,8243.2,80176.59999999999
