strategy,model,role,value,total
structured_per_table,qwen3.6-35b,writer,771015.7002580052,1687720.1083190045
structured_per_table,qwen3.6-35b,fixer,916704.4080609994,1687720.1083190045
